{
  "version": "6.0",
  "nxVersion": "17.2.8",
  "deps": {
    "@angular/animations": "^17.2.0",
    "@angular/common": "^17.2.0",
    "@angular/compiler": "^17.2.0",
    "@angular/core": "^17.2.0",
    "@angular/forms": "^17.2.0",
    "@angular/platform-browser": "^17.2.0",
    "@angular/platform-browser-dynamic": "^17.2.0",
    "@angular/router": "^17.2.0",
    "angular-animations": "^0.11.0",
    "primeflex": "^3.3.1",
    "primeng": "^17.12.0",
    "rxjs": "~7.8.0",
    "tslib": "^2.3.0",
    "zone.js": "~0.14.3",
    "@angular-devkit/build-angular": "^17.2.0",
    "@angular-eslint/builder": "17.2.1",
    "@angular-eslint/eslint-plugin": "17.2.1",
    "@angular-eslint/eslint-plugin-template": "17.2.1",
    "@angular-eslint/schematics": "17.2.1",
    "@angular-eslint/template-parser": "17.2.1",
    "@angular/cli": "^17.2.0",
    "@angular/compiler-cli": "^17.2.0",
    "@types/jasmine": "~5.1.0",
    "@typescript-eslint/eslint-plugin": "6.19.0",
    "@typescript-eslint/parser": "6.19.0",
    "eslint": "^8.56.0",
    "jasmine-core": "~5.1.0",
    "karma": "~6.4.0",
    "karma-chrome-launcher": "~3.2.0",
    "karma-coverage": "~2.2.0",
    "karma-jasmine": "~5.1.0",
    "karma-jasmine-html-reporter": "~2.1.0",
    "typescript": "~5.3.2"
  },
  "pathMappings": {},
  "nxJsonPlugins": [],
  "fileMap": {
    "projectFileMap": {},
    "nonProjectFiles": [
      {
        "file": ".editorconfig",
        "hash": "17241496168097493888"
      },
      {
        "file": ".eslintrc.json",
        "hash": "14645878845883387518"
      },
      {
        "file": ".gitignore",
        "hash": "4689145951703824387"
      },
      {
        "file": ".vscode/extensions.json",
        "hash": "11934160580685414355"
      },
      {
        "file": ".vscode/launch.json",
        "hash": "17406702432687230417"
      },
      {
        "file": ".vscode/tasks.json",
        "hash": "10093397977228577162"
      },
      {
        "file": "README.md",
        "hash": "7401302315490814775"
      },
      {
        "file": "angular.json",
        "hash": "12486811401950490456"
      },
      {
        "file": "package-lock.json",
        "hash": "11098661466997336334"
      },
      {
        "file": "package.json",
        "hash": "14252442066539856362"
      },
      {
        "file": "src/app/app.component.html",
        "hash": "17385897758380840601"
      },
      {
        "file": "src/app/app.component.scss",
        "hash": "4250155489668692106"
      },
      {
        "file": "src/app/app.component.spec.ts",
        "hash": "11799423524269704950"
      },
      {
        "file": "src/app/app.component.ts",
        "hash": "3844790948521614646"
      },
      {
        "file": "src/app/app.config.ts",
        "hash": "5548986198782384011"
      },
      {
        "file": "src/app/app.routes.ts",
        "hash": "10066256520880674981"
      },
      {
        "file": "src/app/environnement/environnement.ts",
        "hash": "14996491824583256257"
      },
      {
        "file": "src/app/models/loginRegister.models.ts",
        "hash": "15636965406573641172"
      },
      {
        "file": "src/app/pages/forgetPassword/forgetPassword.html",
        "hash": "3697990933830202511"
      },
      {
        "file": "src/app/pages/forgetPassword/forgetPassword.scss",
        "hash": "11661846027141383029"
      },
      {
        "file": "src/app/pages/forgetPassword/forgetPassword.ts",
        "hash": "4002280492986343963"
      },
      {
        "file": "src/app/pages/loginRegister/loginRegister.html",
        "hash": "5074178706808989182"
      },
      {
        "file": "src/app/pages/loginRegister/loginRegister.scss",
        "hash": "3244421341483603138"
      },
      {
        "file": "src/app/pages/loginRegister/loginRegister.ts",
        "hash": "13078188167202087283"
      },
      {
        "file": "src/app/pages/notFound/notFound.html",
        "hash": "2924629024226666481"
      },
      {
        "file": "src/app/pages/notFound/notFound.scss",
        "hash": "14268141091248438837"
      },
      {
        "file": "src/app/pages/notFound/notFound.ts",
        "hash": "15924828462070914519"
      },
      {
        "file": "src/app/services/loginRegister.services.ts",
        "hash": "7654718509506898538"
      },
      {
        "file": "src/assets/.gitkeep",
        "hash": "3244421341483603138"
      },
      {
        "file": "src/assets/images/logo.png",
        "hash": "16140904036919130000"
      },
      {
        "file": "src/assets/images/notfound.png",
        "hash": "6191658402524668085"
      },
      {
        "file": "src/index.html",
        "hash": "1274656466490079250"
      },
      {
        "file": "src/main.ts",
        "hash": "4169901790405087765"
      },
      {
        "file": "src/styles.scss",
        "hash": "6877333063085781098"
      },
      {
        "file": "tsconfig.app.json",
        "hash": "13119632651406065538"
      },
      {
        "file": "tsconfig.json",
        "hash": "3343339550490537441"
      },
      {
        "file": "tsconfig.spec.json",
        "hash": "5122839733245053999"
      }
    ]
  }
}
