{
  "hash": "472dd9fa",
  "configHash": "25ab91f5",
  "lockfileHash": "31d072b9",
  "browserHash": "39d384e0",
  "optimized": {
    "@angular/common": {
      "src": "../../../../../node_modules/@angular/common/fesm2022/common.mjs",
      "file": "@angular_common.js",
      "fileHash": "64b83f74",
      "needsInterop": false
    },
    "@angular/common/http": {
      "src": "../../../../../node_modules/@angular/common/fesm2022/http.mjs",
      "file": "@angular_common_http.js",
      "fileHash": "259b2aaf",
      "needsInterop": false
    },
    "@angular/core": {
      "src": "../../../../../node_modules/@angular/core/fesm2022/core.mjs",
      "file": "@angular_core.js",
      "fileHash": "bece0f2a",
      "needsInterop": false
    },
    "@angular/forms": {
      "src": "../../../../../node_modules/@angular/forms/fesm2022/forms.mjs",
      "file": "@angular_forms.js",
      "fileHash": "e52e9720",
      "needsInterop": false
    },
    "@angular/platform-browser": {
      "src": "../../../../../node_modules/@angular/platform-browser/fesm2022/platform-browser.mjs",
      "file": "@angular_platform-browser.js",
      "fileHash": "6b82cd6e",
      "needsInterop": false
    },
    "@angular/platform-browser/animations": {
      "src": "../../../../../node_modules/@angular/platform-browser/fesm2022/animations.mjs",
      "file": "@angular_platform-browser_animations.js",
      "fileHash": "0e7d5fc2",
      "needsInterop": false
    },
    "@angular/router": {
      "src": "../../../../../node_modules/@angular/router/fesm2022/router.mjs",
      "file": "@angular_router.js",
      "fileHash": "524578af",
      "needsInterop": false
    },
    "primeng/api": {
      "src": "../../../../../node_modules/primeng/fesm2022/primeng-api.mjs",
      "file": "primeng_api.js",
      "fileHash": "e7b39b99",
      "needsInterop": false
    },
    "primeng/button": {
      "src": "../../../../../node_modules/primeng/fesm2022/primeng-button.mjs",
      "file": "primeng_button.js",
      "fileHash": "f222e1c4",
      "needsInterop": false
    },
    "primeng/dialog": {
      "src": "../../../../../node_modules/primeng/fesm2022/primeng-dialog.mjs",
      "file": "primeng_dialog.js",
      "fileHash": "91144415",
      "needsInterop": false
    },
    "primeng/divider": {
      "src": "../../../../../node_modules/primeng/fesm2022/primeng-divider.mjs",
      "file": "primeng_divider.js",
      "fileHash": "c839be91",
      "needsInterop": false
    },
    "primeng/dropdown": {
      "src": "../../../../../node_modules/primeng/fesm2022/primeng-dropdown.mjs",
      "file": "primeng_dropdown.js",
      "fileHash": "fe4cc1d7",
      "needsInterop": false
    },
    "primeng/inputotp": {
      "src": "../../../../../node_modules/primeng/fesm2022/primeng-inputotp.mjs",
      "file": "primeng_inputotp.js",
      "fileHash": "596af741",
      "needsInterop": false
    },
    "primeng/inputtext": {
      "src": "../../../../../node_modules/primeng/fesm2022/primeng-inputtext.mjs",
      "file": "primeng_inputtext.js",
      "fileHash": "7e878758",
      "needsInterop": false
    },
    "primeng/messages": {
      "src": "../../../../../node_modules/primeng/fesm2022/primeng-messages.mjs",
      "file": "primeng_messages.js",
      "fileHash": "57aaa595",
      "needsInterop": false
    },
    "primeng/password": {
      "src": "../../../../../node_modules/primeng/fesm2022/primeng-password.mjs",
      "file": "primeng_password.js",
      "fileHash": "08aee389",
      "needsInterop": false
    },
    "primeng/progressspinner": {
      "src": "../../../../../node_modules/primeng/fesm2022/primeng-progressspinner.mjs",
      "file": "primeng_progressspinner.js",
      "fileHash": "4426d00c",
      "needsInterop": false
    },
    "primeng/selectbutton": {
      "src": "../../../../../node_modules/primeng/fesm2022/primeng-selectbutton.mjs",
      "file": "primeng_selectbutton.js",
      "fileHash": "d4e28a9a",
      "needsInterop": false
    },
    "primeng/sidebar": {
      "src": "../../../../../node_modules/primeng/fesm2022/primeng-sidebar.mjs",
      "file": "primeng_sidebar.js",
      "fileHash": "37f939c9",
      "needsInterop": false
    },
    "primeng/table": {
      "src": "../../../../../node_modules/primeng/fesm2022/primeng-table.mjs",
      "file": "primeng_table.js",
      "fileHash": "79d9d5b4",
      "needsInterop": false
    },
    "primeng/toast": {
      "src": "../../../../../node_modules/primeng/fesm2022/primeng-toast.mjs",
      "file": "primeng_toast.js",
      "fileHash": "c0341ca6",
      "needsInterop": false
    },
    "primeng/tooltip": {
      "src": "../../../../../node_modules/primeng/fesm2022/primeng-tooltip.mjs",
      "file": "primeng_tooltip.js",
      "fileHash": "9b0af3f9",
      "needsInterop": false
    },
    "rxjs": {
      "src": "../../../../../node_modules/rxjs/dist/esm5/index.js",
      "file": "rxjs.js",
      "fileHash": "4cde08ad",
      "needsInterop": false
    },
    "rxjs/operators": {
      "src": "../../../../../node_modules/rxjs/dist/esm5/operators/index.js",
      "file": "rxjs_operators.js",
      "fileHash": "bc5fd0ff",
      "needsInterop": false
    },
    "primeng/avatar": {
      "src": "../../../../../node_modules/primeng/fesm2022/primeng-avatar.mjs",
      "file": "primeng_avatar.js",
      "fileHash": "b640c673",
      "needsInterop": false
    },
    "primeng/avatargroup": {
      "src": "../../../../../node_modules/primeng/fesm2022/primeng-avatargroup.mjs",
      "file": "primeng_avatargroup.js",
      "fileHash": "a35eb281",
      "needsInterop": false
    },
    "primeng/radiobutton": {
      "src": "../../../../../node_modules/primeng/fesm2022/primeng-radiobutton.mjs",
      "file": "primeng_radiobutton.js",
      "fileHash": "c6cd0bdc",
      "needsInterop": false
    },
    "primeng/checkbox": {
      "src": "../../../../../node_modules/primeng/fesm2022/primeng-checkbox.mjs",
      "file": "primeng_checkbox.js",
      "fileHash": "0c112975",
      "needsInterop": false
    }
  },
  "chunks": {
    "chunk-EKRI5Q2Q": {
      "file": "chunk-EKRI5Q2Q.js"
    },
    "chunk-O5UAR32U": {
      "file": "chunk-O5UAR32U.js"
    },
    "chunk-3W4WO3F7": {
      "file": "chunk-3W4WO3F7.js"
    },
    "chunk-SBYRJWQS": {
      "file": "chunk-SBYRJWQS.js"
    },
    "chunk-HFDTZ4DJ": {
      "file": "chunk-HFDTZ4DJ.js"
    },
    "chunk-WTETOWXP": {
      "file": "chunk-WTETOWXP.js"
    },
    "chunk-ALJTMQBT": {
      "file": "chunk-ALJTMQBT.js"
    },
    "chunk-S2AZBDXB": {
      "file": "chunk-S2AZBDXB.js"
    },
    "chunk-ZAXICX7P": {
      "file": "chunk-ZAXICX7P.js"
    },
    "chunk-Q2ED7VAN": {
      "file": "chunk-Q2ED7VAN.js"
    },
    "chunk-J4NJLBY7": {
      "file": "chunk-J4NJLBY7.js"
    },
    "chunk-3TUSX4CW": {
      "file": "chunk-3TUSX4CW.js"
    },
    "chunk-FI4MVHY3": {
      "file": "chunk-FI4MVHY3.js"
    },
    "chunk-7EFQWFRS": {
      "file": "chunk-7EFQWFRS.js"
    },
    "chunk-TGUZRQB5": {
      "file": "chunk-TGUZRQB5.js"
    },
    "chunk-JQDMRBJA": {
      "file": "chunk-JQDMRBJA.js"
    },
    "chunk-TKJMWDM5": {
      "file": "chunk-TKJMWDM5.js"
    },
    "chunk-C3H73MNQ": {
      "file": "chunk-C3H73MNQ.js"
    },
    "chunk-EVZ7MBMK": {
      "file": "chunk-EVZ7MBMK.js"
    },
    "chunk-QHIF2FQR": {
      "file": "chunk-QHIF2FQR.js"
    },
    "chunk-UKEHM6V6": {
      "file": "chunk-UKEHM6V6.js"
    },
    "chunk-V2DXGMIT": {
      "file": "chunk-V2DXGMIT.js"
    },
    "chunk-ZDOIMVJD": {
      "file": "chunk-ZDOIMVJD.js"
    }
  }
}